PMID,Img_file_name,StartID,Relation,ReceptorID
21293176,21293176_page6_59,P27KIP1,activate_relation,G2
21645460,21645460_page1_4,NS,activate_relation,NFKB
21645460,21645460_page1_4,NS,activate_relation,CD
21645460,21645460_page1_4,NS,activate_relation,EML4
21645460,21645460_page1_4,CD,activate_relation,CDK2
22176813,22176813_page1_24,PI3K,activate_relation,AKT
22176813,22176813_page1_24,AKT,activate_relation,MTOR
22176813,22176813_page1_24,PTEN,inhibit_relation,AKT
22176813,22176813_page1_24,PTEN,activate_relation,AKT
22481432,22481432_page2_63,NOS,activate_relation,IP
22481432,22481432_page2_63,PKC,activate_relation,DAG
22481432,22481432_page2_63,DAG,activate_relation,PKC
22481432,22481432_page2_63,PKC,activate_relation,IP
22481432,22481432_page2_63,PI3K,activate_relation,AKT
22481432,22481432_page2_63,DAG,activate_relation,IP
22481432,22481432_page2_63,IP,activate_relation,DAG
22481432,22481432_page2_63,IP,activate_relation,DAG
22481432,22481432_page2_63,NOS,activate_relation,PKC
22481432,22481432_page2_63,FAK,activate_relation,PAXILLIN
22481432,22481432_page2_63,IP,activate_relation,DAG
22776234,22776234_page2_15,PI3K,activate_relation,GEF
22776234,22776234_page2_15,GAP,activate_relation,GEF
22776234,22776234_page2_15,MEK,activate_relation,ERK
22776234,22776234_page2_15,PDK1,activate_relation,AKT
22776234,22776234_page2_15,SHP2,activate_relation,GEF
22776234,22776234_page2_15,PI3K,activate_relation,PDK1
22776234,22776234_page2_15,TIAM1,activate_relation,RAC
22776234,22776234_page2_15,RALGDS,activate_relation,RAL
23109866,23109866_page2_7,ERK,activate_relation,MEK
23109866,23109866_page2_7,AKT,activate_relation,MTOR
23109866,23109866_page2_7,MEK,activate_relation,ERK
23109866,23109866_page2_7,PI3K,activate_relation,AKT
23322021,23322021_page2_7,IKK-alpha,activate_relation,IKK-beta
23345546,23345546_page2_7,PI3K,activate_relation,AKT
23345546,23345546_page2_7,PI3K,activate_relation,FAK
23345546,23345546_page3_11,AKT,activate_relation,P85
23345546,23345546_page3_11,P85,activate_relation,EGFR
23345546,23345546_page3_11,HER3,activate_relation,EGFR
23345546,23345546_page3_11,HER3,inhibit_relation,P85
23345546,23345546_page3_11,P85,activate_relation,EGFR
23382783,23382783_page5_21,CXCR4,activate_relation,CXCL12
23382783,23382783_page5_21,CXCR4,activate_relation,CCR6
23382783,23382783_page5_21,CCR6,activate_relation,CCL20
23393121,23393121_page3_81,BCL2,activate_relation,NFKB
23393121,23393121_page3_81,SHP2,inhibit_relation,aP2
23393121,23393121_page3_81,CD28,activate_relation,BCL2
23708071,23708071_page2_25,LPC,activate_relation,AKT
23708071,23708071_page2_25,PC,activate_relation,LPC
23708071,23708071_page2_25,PC,activate_relation,LPC
23708071,23708071_page2_25,ATX,activate_relation,ATX
23708071,23708071_page2_25,LPC,activate_relation,ERK
23708071,23708071_page2_25,LPC,activate_relation,LPC
23708071,23708071_page2_25,LPC,activate_relation,LPC
23708071,23708071_page2_25,LPA,activate_relation,ATX
23708071,23708071_page2_25,LPC,inhibit_relation,LPA
23708071,23708071_page2_25,ATX,activate_relation,ATX
23708071,23708071_page3_29,AKT,activate_relation,MTOR
23708071,23708071_page3_29,DAG,activate_relation,AKT
23708071,23708071_page3_29,AKT,activate_relation,BAD
23877481,23877481_page3_17,EP,activate_relation,EGF
23877481,23877481_page3_17,EGF,activate_relation,EP
23885909,23885909_page5_123,PI3K,activate_relation,AKT
23885909,23885909_page5_123,MTOR,activate_relation,AKT
23885909,23885909_page5_123,PTEN,inhibit_relation,AKT
23909719,23909719_page4_22,NRF2,activate_relation,FOXM1
23909719,23909719_page4_22,FOXM1,activate_relation,SMAD4
23909719,23909719_page4_22,NRF2,inhibit_relation,SMAD4
23909719,23909719_page4_22,SMAD4,inhibit_relation,NRF2
23912485,23912485_page3_32,CAMP,activate_relation,GAS
23912485,23912485_page5_48,VEGF,activate_relation,CAMP
24076266,24076266_page40_175,CSL,activate_relation,p21
24165275,24165275_page2_80,EZH2,activate_relation,SUZ12
24229629,24229629_page2_8,GRB2,activate_relation,PI3K
24229629,24229629_page2_8,PI3K,activate_relation,AKT
24258572,24258572_page2_27,MTOR,activate_relation,AKT
24258572,24258572_page2_27,STAT3,activate_relation,VAV3
24258572,24258572_page2_27,GRB2,activate_relation,FAK
24258572,24258572_page2_27,GRB2,activate_relation,PI3K
24258572,24258572_page2_27,KRAS2,activate_relation,BRAF2
24258572,24258572_page2_27,PI3K,activate_relation,AKT
24258572,24258572_page2_27,AKT,activate_relation,MTOR
24258572,24258572_page2_27,MEK,activate_relation,MEKK11
24258572,24258572_page2_27,PI3K,activate_relation,KRAS2
24258572,24258572_page2_27,BRAF2,activate_relation,KRAS2
24258572,24258572_page2_27,GRB2,activate_relation,PI3K
24258572,24258572_page2_27,PI3K,activate_relation,KRAS2
24258572,24258572_page2_27,KRAS2,activate_relation,BRAF2
24258572,24258572_page2_27,GRB2,activate_relation,PI3K
24258572,24258572_page2_27,GRB2,activate_relation,KRAS2
24258572,24258572_page2_27,GRB2,activate_relation,PI3K
24312144,24312144_page2_9,LKB1,activate_relation,AMPK
24312144,24312144_page2_9,AMPK,activate_relation,MTORC1
24312144,24312144_page2_9,HGF,activate_relation,AKT
24312144,24312144_page2_9,4E-BP1,activate_relation,MORC2
24312144,24312144_page2_9,MORC2,activate_relation,AKT
24312144,24312144_page2_9,HGF,activate_relation,AKT
24649300,24649300_page1_18,PAG,activate_relation,PKC
25101240,25101240_page1_4,p110,inhibit_relation,GSK3B
25101240,25101240_page1_4,AKT,inhibit_relation,BAD
25101240,25101240_page1_4,GSK3B,inhibit_relation,MCI1
25101240,25101240_page1_4,ERK,activate_relation,FOS
25101240,25101240_page1_4,FOS,inhibit_relation,p21
25101240,25101240_page1_4,STAT,activate_relation,BCLX
25101240,25101240_page1_4,STAT,activate_relation,STAT
25101240,25101240_page1_4,STAT,activate_relation,JAK3
25189716,25189716_page1_4,CD25,activate_relation,CTLA4
25257766,25257766_page1_24,BRAF,activate_relation,MEKK12
25257766,25257766_page1_24,MAP3K1,activate_relation,MEKK12
25257766,25257766_page1_24,RAF1,activate_relation,MEKK12
25297942,25297942_page7_29,cadherin,activate_relation,cadherin
25297942,25297942_page7_29,cadherin,activate_relation,cadherin
25297942,25297942_page7_29,NKD2,activate_relation,FZD8
25297942,25297942_page7_29,PORIN,activate_relation,GAS6
25477004,25477004_page2_50,TGFB,activate_relation,EMT
25505733,25505733_page1_4,PDK1,activate_relation,CDK
25505733,25505733_page1_4,EGFR,activate_relation,PI3K
25505733,25505733_page1_4,CDK,activate_relation,MTOR
25505733,25505733_page1_4,MEK,activate_relation,ERK
25505733,25505733_page1_4,MTOR,activate_relation,CDK
25505733,25505733_page1_4,PI3K,activate_relation,PDK1
25505733,25505733_page1_4,BRAF,activate_relation,MEK
25505733,25505733_page1_4,AKT,inhibit_relation,PI3K
25505733,25505733_page1_4,PDK1,inhibit_relation,CDK
25505733,25505733_page1_4,MTOR,activate_relation,CDK
25557115,25557115_page3_13,PI3K,activate_relation,AKT
25557115,25557115_page3_13,RAL,activate_relation,RALBP1
25755681,25755681_page1_43,IFNG,activate_relation,IFNGR
25755681,25755681_page1_43,PD1,activate_relation,IFNG
25755681,25755681_page1_43,IFNGR,activate_relation,PDL1
25755681,25755681_page1_43,IFNG,activate_relation,PDL2
25806180,25806180_page3_8,MTOR,activate_relation,BAD
25806180,25806180_page3_8,SHC,activate_relation,PI3K
25806180,25806180_page3_8,BAD,activate_relation,MTOR
25806180,25806180_page3_8,TSP1,activate_relation,VEGFR2
25806180,25806180_page3_8,VEGFA,activate_relation,GAB1
25806180,25806180_page3_8,ERK,activate_relation,MEK
25806180,25806180_page3_8,PI3K,activate_relation,AKT
25806180,25806180_page3_8,MEK,activate_relation,ERK
25806180,25806180_page3_8,DAG,activate_relation,GRB2
25806180,25806180_page3_8,GAB1,activate_relation,SOS1
25806180,25806180_page3_8,CA2,activate_relation,eNOS
25806180,25806180_page3_8,CA2,activate_relation,GAB1
25806180,25806180_page3_8,GAB1,activate_relation,GRB2
25806180,25806180_page3_8,AKT,activate_relation,PC
25806180,25806180_page3_8,AKT,inhibit_relation,PC
25806180,25806180_page3_8,CA2,inhibit_relation,TSP1
25806180,25806180_page3_8,MTOR,activate_relation,DAG
25806229,25806229_page2_8,BRCA2,activate_relation,BRCA2
25806229,25806229_page2_8,BRCA1,activate_relation,RAD51
25806229,25806229_page2_8,RAD50,activate_relation,ATM
25806229,25806229_page2_8,MRE11,activate_relation,NBS1
25806231,25806231_page2_11,BRCC36,inhibit_relation,RAP80
25806231,25806231_page2_11,OTUB1,inhibit_relation,MMS2
25806231,25806231_page2_11,BARD1,inhibit_relation,53BP1
25806231,25806231_page2_11,53BP1,inhibit_relation,CtIP
25806231,25806231_page2_11,PIAS4,activate_relation,53BP1
25806231,25806231_page2_11,BRCA1,activate_relation,CtIP
25806231,25806231_page2_11,ATM,activate_relation,MDC1
25806278,25806278_page4_302,IPP,activate_relation,IPP
25806290,25806290_page1_14,SIRT1,activate_relation,PGC1A
25806290,25806290_page1_14,GH,activate_relation,IGF1
25806290,25806290_page1_14,IGF1,activate_relation,PI3K
25806290,25806290_page1_14,PTEN,inhibit_relation,PI3K
25806290,25806290_page1_14,PI3K,activate_relation,AKT
25806290,25806290_page1_14,AMPK,inhibit_relation,IGF1
25806290,25806290_page1_14,AMPK,activate_relation,SIRT1
25806290,25806290_page1_14,AMPK,activate_relation,SIRT1
25806290,25806290_page1_14,AKT,activate_relation,MTOR
25806290,25806290_page1_14,AMPK,activate_relation,SIRT1
25806290,25806290_page1_14,SIRT1,activate_relation,AMPK
25806290,25806290_page1_14,SIRT1,activate_relation,AMPK
25806345,25806345_page2_26,ERK,activate_relation,MTOR
25806345,25806345_page2_26,SRC,activate_relation,STAT
25806345,25806345_page2_26,AKT,activate_relation,ERK
25806345,25806345_page2_26,PI3K,activate_relation,AKT
25806345,25806345_page2_26,Hsp90,activate_relation,PI3K
25870800,25870800_page3_10,CTLA4,activate_relation,PD1
25870800,25870800_page3_10,APC,activate_relation,CS
26123538,26123538_page4_117,MEK,activate_relation,ERK
26207212,26207212_page2_9,CBL,activate_relation,HGF
26207212,26207212_page2_9,CBL,activate_relation,HGF
26207212,26207212_page2_9,CBL,inhibit_relation,HGF
26207212,26207212_page2_9,CBL,activate_relation,HGF
26207212,26207212_page2_9,CBL,activate_relation,HGF
26371045,26371045_page1_3,PI3K,activate_relation,AKT
26371045,26371045_page1_3,AKT,activate_relation,MTOR
26558876,26558876_page1_22,NET,activate_relation,CD28
26558876,26558876_page4_72,PD1,activate_relation,CTLA4
26578706,26578706_page2_97,KRAS,activate_relation,KRAS
26578706,26578706_page2_97,PI3K,activate_relation,AKT
26578706,26578706_page2_97,MEK,activate_relation,ERK
26578706,26578706_page2_97,ERK,activate_relation,MEK
26578706,26578706_page2_97,ERK,inhibit_relation,MEK
26578706,26578706_page2_97,PI3K,activate_relation,AKT
26579470,26579470_page1_13,PIP,activate_relation,AKT
26579470,26579470_page1_13,AKT,activate_relation,MTOR
26579470,26579470_page1_13,AKT,inhibit_relation,BAD
26579470,26579470_page1_13,GAB1,activate_relation,STAT3
26579470,26579470_page1_13,PI3K,activate_relation,PIP
26579470,26579470_page1_13,BCL2,activate_relation,BAD
26579470,26579470_page1_13,PTEN,inhibit_relation,PIP
26579470,26579470_page1_13,DAG,activate_relation,PKC
26579470,26579470_page1_13,DAG,inhibit_relation,PKC
26579470,26579470_page2_41,PI3K,activate_relation,AKT
26579470,26579470_page2_41,PI3K,activate_relation,AKT
26579470,26579470_page2_41,AKT,activate_relation,PI3K
26579470,26579470_page3_62,AKT,inhibit_relation,BIM
26579470,26579470_page3_62,AKT,activate_relation,MTOR
26579470,26579470_page3_62,PTEN,activate_relation,PI3K
26579470,26579470_page3_62,STAT3,activate_relation,STAT3
26579470,26579470_page3_62,STAT3,activate_relation,STAT3
26579470,26579470_page3_62,MTOR,activate_relation,BIM
26579470,26579470_page3_62,SRC,activate_relation,STAT3
26579470,26579470_page3_62,DAG,activate_relation,PKC
26579470,26579470_page3_62,PTEN,inhibit_relation,PI3K
26579470,26579470_page3_62,STAT3,activate_relation,CYCLIN D1
26579470,26579470_page6_135,SHC,activate_relation,GAB1
26579470,26579470_page6_135,PI3K,activate_relation,AKT
26579470,26579470_page6_135,BIM,activate_relation,BAX
26579470,26579470_page6_135,JNK,activate_relation,BCL2
26579470,26579470_page6_135,BIM,activate_relation,BIM
26579470,26579470_page6_135,MCL,inhibit_relation,BAK
26579470,26579470_page6_135,BIM,activate_relation,BIM
26579470,26579470_page6_135,JNK,activate_relation,GRB2
26579470,26579470_page6_135,BIM,inhibit_relation,BCL2
26579470,26579470_page6_135,BIM,activate_relation,BCL2
26579470,26579470_page7_156,SA,activate_relation,STAT3
26579470,26579470_page7_156,SRC,activate_relation,STAT3
26579470,26579470_page7_156,STAT3,activate_relation,SA
26579470,26579470_page7_156,PI3K,activate_relation,AKT
26579470,26579470_page7_156,DAG,activate_relation,PKC
26579470,26579470_page7_156,PTEN,inhibit_relation,PI3K
26579470,26579470_page7_156,BIM,inhibit_relation,p53
26675306,26675306_page3_47,MEK,activate_relation,ERK
26675306,26675306_page3_47,AKT,activate_relation,MTOR
26675306,26675306_page3_47,PI3K,activate_relation,AKT
26755435,26755435_page2_47,MK,activate_relation,MAM
26793003,26793003_page1_35,MTORC1,activate_relation,4E-BP1
26793003,26793003_page1_35,MTORC1,activate_relation,S6K
26793003,26793003_page1_35,BRAF,activate_relation,MEK
26793003,26793003_page1_35,PIP,activate_relation,PDK1
26793003,26793003_page1_35,LKB1,activate_relation,AMPK
26793003,26793003_page1_35,MEK,activate_relation,ERK
26793003,26793003_page1_35,MORC2,inhibit_relation,PI3K
26793003,26793003_page1_35,S6K,activate_relation,RPS6
26793003,26793003_page1_35,AKT,activate_relation,4E-BP1
26793003,26793003_page1_35,MORC2,activate_relation,AKT
26793003,26793003_page1_35,AKT,activate_relation,PDK1
26793003,26793003_page1_35,4E-BP1,activate_relation,PI3K
26793003,26793003_page1_35,ERK,activate_relation,PDK1
26793003,26793003_page1_35,AKT,activate_relation,PDK1
26891293,26891293_page8_281,MIR520H,inhibit_relation,cadherin
26891293,26891293_page8_281,MIR150,inhibit_relation,SRCIN1
26891293,26891293_page8_281,SRCIN1,inhibit_relation,SRC
26891293,26891293_page8_281,MIR520H,activate_relation,cadherin
26891293,26891293_page8_281,MIR21,activate_relation,AKT
26891293,26891293_page8_281,MIR21,inhibit_relation,AKT
26891293,26891293_page8_281,AKT,inhibit_relation,p53
26893312,26893312_page7_50,MEKK12,inhibit_relation,ERK
26893312,26893312_page7_50,MEKK12,activate_relation,ERK
26919248,26919248_page4_16,MIR30B,activate_relation,MIR30C2
26922479,26922479_page5_250,PI3K,activate_relation,KELCHL
26944305,26944305_page40_245,PDL1,activate_relation,PD1
27102150,27102150_page3_12,COPD,activate_relation,DAMAGE
27102150,27102150_page5_20,GO,activate_relation,PCNA
27102150,27102150_page5_20,PUMA,activate_relation,HDAC1
27102150,27102150_page5_20,BAX,activate_relation,PUMA
27102150,27102150_page5_20,G2,activate_relation,BAX
27102150,27102150_page5_20,PUMA,activate_relation,BAX
27102150,27102150_page5_20,PCNA,activate_relation,GO
27102150,27102150_page5_20,HDAC1,activate_relation,PUMA
27200298,27200298_page4_13,PTEN,activate_relation,TRKA
27200298,27200298_page4_13,BRAF,activate_relation,MEK
27200298,27200298_page4_13,PDK1,activate_relation,AKT
27200298,27200298_page4_13,PI3K,activate_relation,PDK1
27297395,27297395_page2_6,PD1,activate_relation,LAG3
27676292,27676292_page3_277,AKT1,activate_relation,RHOB
27676292,27676292_page3_277,GEFH1,activate_relation,RHOB
27676292,27676292_page3_277,SLUG,inhibit_relation,cadherin
27676292,27676292_page3_277,cadherin,activate_relation,SLUG
27770511,27770511_page1_2,AKT,activate_relation,MTOR
27770511,27770511_page1_2,PI3K,activate_relation,AKT
27774435,27774435_page2_8,PDL1,activate_relation,HMGB1
27774435,27774435_page2_8,PDL1,activate_relation,HMGB1
27843613,27843613_page2_48,PI3K,activate_relation,AKT
27843613,27843613_page2_48,AKT,activate_relation,MTOR
27843613,27843613_page2_48,MEKK12,activate_relation,RAF1
27843613,27843613_page2_48,PI3K,activate_relation,AKT
27843631,27843631_page2_62,PI3K,activate_relation,AKT
27843631,27843631_page2_62,PI3K,activate_relation,AKT
27843631,27843631_page2_62,PI3K,activate_relation,AKT
27843631,27843631_page2_62,AKT,activate_relation,PI3K
27843631,27843631_page2_62,PI3K,activate_relation,AKT
27843640,27843640_page9_211,PI3K,activate_relation,AKT
27938382,27938382_page1_9,Met,activate_relation,CO
27938382,27938382_page1_9,ERK,activate_relation,MEK
27938382,27938382_page1_9,MTOR,activate_relation,AKT
27938382,27938382_page1_9,AKT,activate_relation,CREB3L2
27938382,27938382_page2_37,B7,activate_relation,CD28
27938382,27938382_page2_37,B7,activate_relation,CD28
27994551,27994551_page3_338,AKT,inhibit_relation,p21
27994551,27994551_page3_338,PTEN,inhibit_relation,PI3K
27994551,27994551_page3_338,AKT,inhibit_relation,GSK3B
27994551,27994551_page3_338,AKT,activate_relation,PTEN
27994551,27994551_page3_338,AKT,inhibit_relation,p21
28050598,28050598_page1_44,AKT,activate_relation,MTOR
28066768,28066768_page2_9,VEGF,inhibit_relation,VEGFR
28066768,28066768_page2_9,VEGF,activate_relation,VEGFR
28119804,28119804_page1_29,NCX,activate_relation,TRP
28119804,28119804_page1_29,MCU,activate_relation,MIO
28119804,28119804_page1_29,NCX,activate_relation,TRP
28208579,28208579_page5_302,MTOR,inhibit_relation,AMPK
28208579,28208579_page5_302,p53,inhibit_relation,FIP200
28208579,28208579_page5_302,p53,inhibit_relation,AMPK
28208579,28208579_page5_302,AMPK,inhibit_relation,MTOR
28208579,28208579_page5_302,BAX,activate_relation,p53
28208579,28208579_page7_414,MTORC1,inhibit_relation,4E-BP1
28208579,28208579_page7_414,MTORC1,inhibit_relation,ULK1
28208579,28208579_page7_414,MTORC1,activate_relation,p70S6Kb
28208579,28208579_page7_414,ERK,activate_relation,MTORC1
28208579,28208579_page7_414,AMPK,inhibit_relation,MTORC1
28208579,28208579_page7_414,PI3K,activate_relation,MORC2
28208579,28208579_page7_414,AMPK,activate_relation,MTORC1
28261342,28261342_page1_3,CELL,inhibit_relation,PD1
28348561,28348561_page4_158,AKT,activate_relation,MTOR
28348561,28348561_page4_158,AKT,activate_relation,MTOR
28348561,28348561_page4_158,MEK,activate_relation,ERK
28348561,28348561_page4_158,MEKK1,activate_relation,MKK7
28348561,28348561_page4_158,EGF,activate_relation,AKT
28348561,28348561_page4_158,GRB2,activate_relation,AKT
28348561,28348561_page4_158,MKK7,activate_relation,JNK
28348561,28348561_page4_158,EGFR,activate_relation,SHC
28396848,28396848_page1_50,CDK,inhibit_relation,RB1
28396848,28396848_page1_50,AKT,activate_relation,MTOR
28402937,28402937_page1_3,EGF,activate_relation,EGFR
28402937,28402937_page1_3,EGF,activate_relation,EGFR
28415568,28415568_page3_12,AKT,activate_relation,NFKB
28415568,28415568_page3_12,PI3K,activate_relation,AKT
28415568,28415568_page3_12,NFKB,activate_relation,TWIST
28415568,28415568_page3_12,TWIST,activate_relation,MIR33A
28415568,28415568_page3_12,MIR1290,inhibit_relation,MCRS1
28415568,28415568_page3_12,MIR33A,activate_relation,EMT
28415568,28415568_page3_12,RHOA,activate_relation,MIR140
28415568,28415568_page3_12,MIR3200,inhibit_relation,SNAIL
28415568,28415568_page3_12,SNAIL,activate_relation,MIR3200
28430586,28430586_page2_14,MEK,activate_relation,ERK
28430586,28430586_page2_14,AKT,activate_relation,AKT
28430586,28430586_page6_36,UCA1,activate_relation,PI3K
28430586,28430586_page6_36,BC200,activate_relation,PI3K
28443282,28443282_page1_4,PTEN,inhibit_relation,PI3K
28443282,28443282_page1_4,MDM2,inhibit_relation,p53
28443282,28443282_page1_4,p53,activate_relation,MDM2
28443282,28443282_page1_4,PI3K,activate_relation,AKT
28490925,28490925_page1_37,PTEN,inhibit_relation,AKT
28570035,28570035_page35_76,PGK,activate_relation,GAPDH
28570035,28570035_page35_76,ACC,activate_relation,PDH
28570035,28570035_page35_76,GAPDH,activate_relation,PGK
28657426,28657426_page2_125,ECT2,activate_relation,RAC1
28657426,28657426_page2_125,ECT2,activate_relation,PKC
28657426,28657426_page2_125,RAC1,activate_relation,PAK1
28805682,28805682_page7_369,FISH,activate_relation,ALK
28805682,28805682_page7_369,STOP,activate_relation,ALK
28819419,28819419_page4_20,B1,activate_relation,p38
28819419,28819419_page4_20,IKBA,activate_relation,P50
28881856,28881856_page2_7,VEGFA,activate_relation,IDO
28881856,28881856_page2_7,PDL1,activate_relation,IDO
28881856,28881856_page2_7,IDO,activate_relation,IDO
28915704,28915704_page4_16,VHL,inhibit_relation,HIF1A
28915704,28915704_page4_16,AKT,activate_relation,MTORC1
28915704,28915704_page4_16,PIP,activate_relation,PI3K
28915704,28915704_page4_16,MORC2,activate_relation,AKT
28915704,28915704_page4_16,MEK,activate_relation,ERK
28915704,28915704_page4_16,PTEN,activate_relation,PIP
28915704,28915704_page4_16,HIF1A,activate_relation,HIF1A
28915704,28915704_page4_16,MTORC1,activate_relation,HIF1A
28915704,28915704_page4_16,ERK,activate_relation,ERK
28915704,28915704_page4_16,PTEN,activate_relation,PIP
28915708,28915708_page2_10,ATM,activate_relation,p21
28915708,28915708_page2_10,ERK,activate_relation,4E-BP1
28915708,28915708_page2_10,LKB1,activate_relation,AMPK
28915708,28915708_page2_10,AMPK,inhibit_relation,PI3K
28915708,28915708_page2_10,AMPK,activate_relation,ATM
28915708,28915708_page2_10,TSC2,inhibit_relation,RHEB
28915708,28915708_page2_10,MTOR,activate_relation,4E-BP1
28915708,28915708_page2_10,TSC1,inhibit_relation,TSC2
28915708,28915708_page2_10,p21,activate_relation,ATM
28915708,28915708_page2_10,PI3K,activate_relation,TSC1
28915708,28915708_page2_10,LKB1,activate_relation,AMPK
28915708,28915708_page2_10,AMPK,activate_relation,SREBP2
28915708,28915708_page2_9,ERK,activate_relation,4E-BP1
28915708,28915708_page2_9,AKT,inhibit_relation,TSC1
28915708,28915708_page2_9,MTOR,activate_relation,4E-BP1
28915708,28915708_page2_9,RHEB,inhibit_relation,TSC1
28915708,28915708_page5_20,LKB1,activate_relation,AMPK
28915708,28915708_page9_51,ATM,activate_relation,ATM
28915708,28915708_page9_51,ERK,activate_relation,4E-BP1
28915708,28915708_page9_51,AMPK,inhibit_relation,ATM
28915708,28915708_page9_51,TSC1,inhibit_relation,PI3K
28915708,28915708_page9_51,MTOR,activate_relation,4E-BP1
28915708,28915708_page9_51,TSC1,inhibit_relation,RHEB
28915708,28915708_page9_51,PI3K,activate_relation,PRAS40
28978188,28978188_page4_13,RAF1,activate_relation,MEK
28990243,28990243_page4_28,ITGB1,inhibit_relation,MIR134
28990243,28990243_page4_28,MIR134,inhibit_relation,VIM
28990243,28990243_page4_28,ITGB1,inhibit_relation,MIR30C2
28990243,28990243_page4_28,TGFB,activate_relation,EMT
28990243,28990243_page4_28,MIR1244,inhibit_relation,SLUG
28990243,28990243_page4_28,TGFB,activate_relation,EMT
29151973,29151973_page3_10,MIR200C,inhibit_relation,cadherin
29151973,29151973_page3_10,MIR181A1,inhibit_relation,BAX
29151973,29151973_page3_10,MIR17,inhibit_relation,TGFBR2
29151973,29151973_page3_10,MIR26A1,inhibit_relation,HMGA2
29151973,29151973_page3_10,MIR217,inhibit_relation,KRAS
29151973,29151973_page3_10,MIR34A,inhibit_relation,PEBP4
29151973,29151973_page3_10,MIR21,inhibit_relation,BAX
29151973,29151973_page3_10,MMA,inhibit_relation,BCL2
29151973,29151973_page3_10,cadherin,inhibit_relation,EMT
29151973,29151973_page3_10,MIR17,inhibit_relation,CDKN1A
29151973,29151973_page3_10,MIR1238,inhibit_relation,CCND3
29151973,29151973_page3_10,BAX,inhibit_relation,BCL2
29151973,29151973_page3_10,CDKN1A,activate_relation,KRAS
29151973,29151973_page3_10,BCL2,inhibit_relation,BAX
29151973,29151973_page3_10,MCRS1,inhibit_relation,cadherin
29151973,29151973_page3_10,PTEN,activate_relation,MIR181A1
29151973,29151973_page3_10,MIR15B,inhibit_relation,EMT
29151973,29151973_page3_10,AS,activate_relation,BAX
29151973,29151973_page3_10,MIR181A1,inhibit_relation,PTEN
29151973,29151973_page4_13,MIR205,activate_relation,MIR21
29163853,29163853_page1_4,AKT,activate_relation,MTOR
29163853,29163853_page1_4,MEK,activate_relation,ERK
29163853,29163853_page5_30,AKT,activate_relation,MTOR
29163853,29163853_page5_30,AKT,activate_relation,MTOR
29163853,29163853_page5_30,BAK,activate_relation,BAX
29163853,29163853_page5_30,BAX,activate_relation,BIM
29167009,29167009_page3_11,PDL1,activate_relation,PDL1
29212305,29212305_page4_13,MTOR,activate_relation,AKT
29212305,29212305_page4_13,ERK,activate_relation,MEK
29212305,29212305_page4_13,PI3K,activate_relation,AKT
29212305,29212305_page4_13,ERK,activate_relation,MEK
29296516,29296516_page2_346,PDL2,activate_relation,PD1
29415985,29415985_page3_88,PIRH2,activate_relation,CHK2
29415985,29415985_page3_88,ATM,activate_relation,CHK2
29415985,29415985_page3_88,ATR,activate_relation,CHK1
29415985,29415985_page3_88,USP28,inhibit_relation,FBW7
29415985,29415985_page3_88,USP28,activate_relation,FBW7
29464099,29464099_page3_20,KRAS,activate_relation,PI3K
29464099,29464099_page3_20,CDK2,activate_relation,RB
29464099,29464099_page3_20,CDK4,activate_relation,CDK2
29464099,29464099_page3_20,AMPK,inhibit_relation,MTOR
29464099,29464099_page3_20,GEF,activate_relation,BRAF
29464099,29464099_page3_20,AKT,activate_relation,MTOR
29464099,29464099_page3_20,RB,activate_relation,CDK2
29464099,29464099_page5_33,FAK,inhibit_relation,AKT
29464099,29464099_page5_33,CDK2,activate_relation,RB
29464099,29464099_page5_33,FAK,activate_relation,MSK1
29464099,29464099_page5_33,CDK4,activate_relation,CDK2
29464099,29464099_page5_33,BRAF,activate_relation,Hsp90
29464099,29464099_page5_33,MTOR,activate_relation,AKT
29464099,29464099_page5_33,AKT,activate_relation,MTOR
29515799,29515799_page10_35,DO,inhibit_relation,a2V
29556324,29556324_page1_3,TSC2,inhibit_relation,MTOR
29556324,29556324_page1_3,AM,activate_relation,EGFR
29556324,29556324_page1_3,AKT,inhibit_relation,TSC2
29556324,29556324_page1_3,PTEN,inhibit_relation,AKT
29556324,29556324_page2_6,AKT,activate_relation,MTOR
29556324,29556324_page2_6,MIR21,activate_relation,MIR205
29556324,29556324_page2_6,MR,inhibit_relation,raptor
29556324,29556324_page3_12,MIR1253,inhibit_relation,RICTOR
29556324,29556324_page3_12,RICTOR,activate_relation,CELL
29556324,29556324_page3_12,MIR21,inhibit_relation,RICTOR
29556324,29556324_page3_12,MIR21,activate_relation,RICTOR
29595366,29595366_page1_12,MEKK12,activate_relation,ERK
29595366,29595366_page1_12,ERK,activate_relation,MEKK12
29600083,29600083_page16_92,CXCL12,activate_relation,CXCR4
29600083,29600083_page16_92,Erb,activate_relation,MEK
29600083,29600083_page16_92,VEGF,activate_relation,VEGF
29600083,29600083_page16_92,E2,activate_relation,E2
29600083,29600083_page16_94,ERP,inhibit_relation,TKIS
29600083,29600083_page16_94,CXCL12,activate_relation,CXCR4
29600083,29600083_page16_94,TKIS,inhibit_relation,ERP
29600083,29600083_page16_94,ARO,inhibit_relation,E2
29692736,29692736_page5_330,ZNF217,activate_relation,EMT
29692736,29692736_page5_330,EMT,activate_relation,ZNF217
29692736,29692736_page5_330,STAT3,activate_relation,EMT
29692736,29692736_page5_330,ZEB2,activate_relation,EMT
29692736,29692736_page5_330,MIR3200,activate_relation,ZEB1
29693703,29693703_page5_14,PKC,activate_relation,PI3K
29693703,29693703_page5_14,AKT,activate_relation,PI3K
29693703,29693703_page5_14,VEGF,activate_relation,VEGF
29693703,29693703_page5_14,VEGF,activate_relation,HIF1
29693703,29693703_page5_14,VEGF,activate_relation,VEGF
29725260,29725260_page1_3,MIR200C,inhibit_relation,ZEB1
29725260,29725260_page1_3,MIR200C,inhibit_relation,ZEB1
29725260,29725260_page1_3,MIR200C,inhibit_relation,EGF
29725260,29725260_page1_3,AKT,activate_relation,MTOR
29725260,29725260_page1_3,PI3K,activate_relation,AKT
29725260,29725260_page1_3,SOCS1,inhibit_relation,SENP1
29725260,29725260_page1_3,ZEB1,activate_relation,EMT
29725260,29725260_page1_3,MIR223,inhibit_relation,AKT
29725260,29725260_page1_3,MIR1238,inhibit_relation,SENP1
29725260,29725260_page1_3,MTOR,activate_relation,AKT
29725260,29725260_page1_3,MIR155,inhibit_relation,PTEN
29725260,29725260_page1_3,SENP1,activate_relation,SOCS1
29725260,29725260_page4_10,AKT,activate_relation,MTOR
29725260,29725260_page4_10,APAF1,inhibit_relation,MTOR
29725260,29725260_page4_10,PI3K,activate_relation,AKT
29725260,29725260_page4_10,APAF1,activate_relation,EGFR
29725260,29725260_page4_10,PI3K,activate_relation,IGFR
29725260,29725260_page4_10,PTEN,inhibit_relation,AKT
29725260,29725260_page4_10,PTEN,inhibit_relation,MIR21
29725260,29725260_page4_10,MTOR,activate_relation,AKT
29725260,29725260_page4_10,EMT,activate_relation,MIR200C
29725260,29725260_page4_10,MIR200C,activate_relation,MIR132
29725260,29725260_page4_10,MIR200C,activate_relation,AKT
29726094,29726094_page4_32,EMT,activate_relation,Met
29734788,29734788_page14_234,ABLL,inhibit_relation,MTORC1
29734788,29734788_page14_234,AKT,activate_relation,MTORC1
29734788,29734788_page14_234,RASSF1,activate_relation,LKB1
29734788,29734788_page14_234,MEK,activate_relation,ERK
29734788,29734788_page14_234,RASSF1,activate_relation,MST1P2
29734788,29734788_page14_234,STAT,activate_relation,AKT
29734788,29734788_page14_234,STAT,inhibit_relation,AKT
29734788,29734788_page14_234,AKT,inhibit_relation,MST1P2
29734788,29734788_page3_89,GPCR,inhibit_relation,MAP4K4
29734788,29734788_page3_89,MAP4K4,activate_relation,LATS1
29734788,29734788_page3_89,MAP4K4,activate_relation,LATS1
29734788,29734788_page6_128,LKB1,activate_relation,MST1P2
29734788,29734788_page6_128,RASSF1,activate_relation,LKB1
29734788,29734788_page6_128,MST1P2,activate_relation,LATS1
29734788,29734788_page6_128,AKT,activate_relation,MTORC1
29734788,29734788_page6_128,GPCR,activate_relation,PI3K
29734788,29734788_page6_128,AKT,inhibit_relation,MST1P2
29769148,29769148_page1_7,PDL1,activate_relation,PD1
29769148,29769148_page1_7,CTLA4,inhibit_relation,CTLA4
29769148,29769148_page1_7,PDL1,activate_relation,PD1
29973561,29973561_page2_202,MTOR,activate_relation,RHEB
29973561,29973561_page2_202,GATA6,activate_relation,WNT7B
29973561,29973561_page4_305,RHEB,activate_relation,MTOR
29973561,29973561_page4_305,MEK,activate_relation,ERK
29973561,29973561_page4_305,MEK,activate_relation,KRAS
29973561,29973561_page4_305,FAK,inhibit_relation,EGFR
29973561,29973561_page4_305,EGFR,activate_relation,PI3K
29973561,29973561_page4_305,EGFR,activate_relation,KRAS
29973561,29973561_page4_305,FAK,inhibit_relation,PI3K
29973561,29973561_page4_305,KRAS,inhibit_relation,EGFR
29973561,29973561_page9_473,MEK,activate_relation,MCL1
29973561,29973561_page9_473,COT,activate_relation,MEK
29973561,29973561_page9_473,BRAF,activate_relation,MEK
29973561,29973561_page9_473,BRAF,activate_relation,KRAS
29973561,29973561_page9_473,ARAF,activate_relation,MEK
29973561,29973561_page9_473,MCL1,activate_relation,AKT
29973561,29973561_page9_473,CRAF,activate_relation,MEK
29973561,29973561_page9_473,KRAS,activate_relation,CRAF
29973561,29973561_page9_473,KRAS,activate_relation,PI3K
29973561,29973561_page9_473,EGFR,activate_relation,KRAS
29973561,29973561_page9_473,AKT,activate_relation,MCL1
29973561,29973561_page9_473,AKT,activate_relation,PI3K
29973561,29973561_page9_473,EGFR,activate_relation,EGF
29973561,29973561_page9_473,KRAS,activate_relation,ARAF
29973561,29973561_page9_473,PI3K,activate_relation,IGF1
29973561,29973561_page9_473,KRAS,activate_relation,BRAF
29973561,29973561_page9_473,COT,activate_relation,MEK
29973561,29973561_page9_473,BRAF,activate_relation,MEK
30040046,30040046_page11_86,p21,activate_relation,NE
30040046,30040046_page9_78,RHEB,activate_relation,MTORC1
30040046,30040046_page9_78,raptor,activate_relation,MTORC1
30040046,30040046_page9_78,RHEB,inhibit_relation,TSC1
30040046,30040046_page9_78,MTORC1,inhibit_relation,raptor
30040046,30040046_page9_78,ATM,activate_relation,p53
30040046,30040046_page9_78,LKB1,activate_relation,AMPK
30040046,30040046_page9_78,ATM,activate_relation,LKB1
30040046,30040046_page9_78,p53,activate_relation,AMPK
30040046,30040046_page9_78,AMPK,activate_relation,TSC2
30040046,30040046_page9_78,AMPK,activate_relation,raptor
30060526,30060526_page55_1599,EGFR,activate_relation,ALK
30109175,30109175_page22_290,AKT,activate_relation,STAT
30109175,30109175_page22_290,PDK1,activate_relation,AKT
30111979,30111979_page6_41,PD1,activate_relation,PDL1
30111979,30111979_page6_41,PDL1,inhibit_relation,PD1
30111979,30111979_page6_41,PDL1,inhibit_relation,PD1
30111979,30111979_page6_41,PD1,activate_relation,PDL1
30133562,30133562_page2_47,p53,activate_relation,p53
30158938,30158938_page4_325,AKT,activate_relation,PYK2
30158938,30158938_page4_325,NFAT1,activate_relation,NFAT1
30158938,30158938_page4_325,SMAD3,activate_relation,SMAD3
30186041,30186041_page4_143,ZFAS1,activate_relation,MIR150
30186041,30186041_page4_143,MIR150,activate_relation,MIR484
30186041,30186041_page4_143,ZFAS1,activate_relation,NFKB
30344651,30344651_page2_24,CD28,inhibit_relation,CTLA4
30344651,30344651_page2_24,CTLA4,inhibit_relation,CD28
30405851,30405851_page3_10,PDK1,activate_relation,AKT
30405851,30405851_page3_10,MTOR,activate_relation,p70S6Kb
30405851,30405851_page3_10,PI3K,activate_relation,PDK1
30405851,30405851_page3_10,AKT,activate_relation,MTOR
30405851,30405851_page3_10,PI3K,activate_relation,PDK1
30424034,30424034_page2_147,BRAF,activate_relation,EGFR
30445769,30445769_page5_448,MEK,activate_relation,ERK
30544524,30544524_page2_188,YAP,activate_relation,YAP
30544524,30544524_page2_188,YAP,activate_relation,YAP
30544524,30544524_page2_188,MST1P2,activate_relation,LATS1
30544524,30544524_page2_188,YAP,activate_relation,YAP
30544524,30544524_page4_279,YAP,activate_relation,YAP
30544524,30544524_page4_279,YAP,activate_relation,YAP
30680072,30680072_page1_4,ALK,activate_relation,PI3K
30680072,30680072_page1_4,PI3K,activate_relation,MTOR
30680072,30680072_page1_4,EGFR,activate_relation,SRC
30680072,30680072_page1_4,HER2,activate_relation,PI3K
30680072,30680072_page1_4,SRC,activate_relation,STAT3
30803032,30803032_page30_101,CRKL,activate_relation,SHC
30803032,30803032_page30_101,MEKK3,activate_relation,MEK5
30809599,30809599_page7_265,AC,inhibit_relation,p53
30982492,30982492_page3_44,MIR21,inhibit_relation,PTEN
30982492,30982492_page3_44,FAK,inhibit_relation,MIR21
30982492,30982492_page3_44,NFKB,activate_relation,FAK
31003463,31003463_page3_182,FAS,activate_relation,FasL
31003463,31003463_page3_182,FAS,activate_relation,FasL
31035693,31035693_page1_230,TP53,inhibit_relation,TP73
31035693,31035693_page1_230,AMPK,activate_relation,MTOR
31035693,31035693_page1_230,MDM2,inhibit_relation,TP53
31035693,31035693_page1_230,NF1,inhibit_relation,KRAS
31035693,31035693_page1_230,ALK,activate_relation,NRAS
31035693,31035693_page1_230,CDKN2A,activate_relation,CCND1
31035693,31035693_page1_230,CDKN2A,inhibit_relation,MDM2
31035693,31035693_page1_230,CDKN2A,activate_relation,MDM2
31035693,31035693_page1_230,MYC,activate_relation,MYCN
31067796,31067796_page2_212,CD57,activate_relation,CD28
31083461,31083461_page6_128,NF2,inhibit_relation,SNAIL
31083461,31083461_page6_128,RKIP,inhibit_relation,GLI1
31083461,31083461_page6_128,RKIP,inhibit_relation,SNAIL
31083461,31083461_page6_128,RKIP,activate_relation,GLI1
31083461,31083461_page6_128,SNAIL,inhibit_relation,RKIP
31083461,31083461_page6_128,SNAIL,activate_relation,NF2
31083461,31083461_page6_128,RKIP,activate_relation,RKIP
31083461,31083461_page6_128,SNAIL,activate_relation,RKIP
31108964,31108964_page10_148,FACT,inhibit_relation,NFKB
31108964,31108964_page10_148,TP53,activate_relation,MDM2
31108964,31108964_page10_148,NFKB,activate_relation,TP53
31108964,31108964_page10_148,NFKB,activate_relation,TP53
31108964,31108964_page10_148,TP53,activate_relation,NFKB
31108964,31108964_page14_184,DLL3,activate_relation,EPCAM
31123430,31123430_page2_98,BAX,activate_relation,BCL2
31123430,31123430_page2_98,BCL2,activate_relation,BAX
31123430,31123430_page4_142,COX2,activate_relation,NFKB
31123430,31123430_page4_142,COX2,activate_relation,NFKB
31130612,31130612_page3_252,GLUT1,activate_relation,NFKB
31134065,31134065_page5_204,C1INH,inhibit_relation,C1R
31134065,31134065_page5_204,C1S,activate_relation,C2
31134065,31134065_page5_204,MASP,activate_relation,C2
31134065,31134065_page5_204,C2,activate_relation,C4A
31134065,31134065_page5_204,C3b,activate_relation,C3b
31137625,31137625_page4_207,ZEB1,inhibit_relation,MIR3200
31137625,31137625_page4_207,ZEB1,activate_relation,PDL1
31137625,31137625_page4_207,ZEB1,activate_relation,MIR3200
31172347,31172347_page2_27,KRAS,activate_relation,TP53
31172347,31172347_page2_27,KRAS,activate_relation,STK11
31266248,31266248_page5_117,MUT,activate_relation,RB1
31266248,31266248_page5_117,EMT,activate_relation,ACT
31266248,31266248_page5_117,MDM2,inhibit_relation,TP53
31266248,31266248_page5_117,NFKB,activate_relation,ACT
31333652,31333652_page4_194,TAP2,activate_relation,TAP1
31333652,31333652_page4_194,TAP1,activate_relation,TAP2
31333652,31333652_page4_194,TAP1,inhibit_relation,TAP2
31333652,31333652_page4_194,ER,activate_relation,TAP1
31366041,31366041_page3_297,AKT,activate_relation,MTOR
31366041,31366041_page3_297,PI3K,activate_relation,AKT
31366041,31366041_page3_297,JAK3,activate_relation,STAT3
31366041,31366041_page3_297,STAT3,activate_relation,JAK3
31383005,31383005_page2_116,p53,inhibit_relation,E2F1
31383005,31383005_page2_116,EZH2,inhibit_relation,SLFN11
31383005,31383005_page2_116,E2F1,activate_relation,EZH2
31383005,31383005_page2_116,PARP,activate_relation,E2F1
31383005,31383005_page2_116,CHK1,activate_relation,STAT3
31387256,31387256_page10_565,YAP,inhibit_relation,ERK
31387256,31387256_page10_565,YAP,activate_relation,YAP
31387256,31387256_page10_565,YAP,activate_relation,YAP
31387256,31387256_page10_565,ERBB4,activate_relation,ERBB3
31387256,31387256_page2_203,STAT,activate_relation,ERK
31387256,31387256_page2_203,MTOR,activate_relation,ERK
31387256,31387256_page2_203,MEK,activate_relation,ERK
31387256,31387256_page2_203,MTOR,activate_relation,STAT
31387256,31387256_page2_203,ERK,activate_relation,STAT
31387256,31387256_page7_419,YAP,activate_relation,YAP
31387256,31387256_page7_419,YAP,activate_relation,YAP
31404976,31404976_page2_190,PTEN,activate_relation,PTEN
31404976,31404976_page2_190,PI3K,activate_relation,PTEN
31404976,31404976_page2_190,PI3K,activate_relation,PTEN
31404976,31404976_page3_254,PPAR,inhibit_relation,BMI1
31404976,31404976_page3_277,PPAR,inhibit_relation,BMI1
31438559,31438559_page10_316,E12,activate_relation,E12
31438559,31438559_page11_350,TIMP3,activate_relation,ADAM17
31438559,31438559_page2_103,AKT,activate_relation,NFKB
31438559,31438559_page2_103,MEK,activate_relation,AKT
31438559,31438559_page5_145,MYC,activate_relation,BCL2
31438559,31438559_page5_145,MTOR,activate_relation,NFKB
31438559,31438559_page9_283,E12,activate_relation,E12
31500650,31500650_page1_9,HCCS,activate_relation,PDL1
31500650,31500650_page1_9,IL6,activate_relation,PDL1
31500650,31500650_page5_171,IL2,activate_relation,IL2
31500650,31500650_page5_171,DC,activate_relation,HSC
31527477,31527477_page3_324,NFKB,activate_relation,IKKB
31527477,31527477_page3_324,MTOR,activate_relation,MTORC1
31527477,31527477_page3_324,IKKB,activate_relation,NFKB
31527477,31527477_page3_324,PKC,activate_relation,IKKB
31527477,31527477_page5_424,MTORC1,inhibit_relation,ATG14L
31527477,31527477_page5_424,MTORC1,inhibit_relation,ATG13
31527477,31527477_page5_424,MTOR,activate_relation,MORC2
31527477,31527477_page5_424,MORC2,activate_relation,AKT
31527477,31527477_page5_424,BCL2,activate_relation,BECN1
31527477,31527477_page5_424,MTOR,activate_relation,MTORC1
31527477,31527477_page5_424,AKT,inhibit_relation,ATG14L
31527477,31527477_page5_424,PI3K,activate_relation,EGFR
31527477,31527477_page5_424,PI3K,activate_relation,AKT
31527477,31527477_page6_480,SHP2,inhibit_relation,STATI2
31527477,31527477_page7_566,JAK2,activate_relation,STAT3
31527477,31527477_page7_566,ERK,activate_relation,MEK
31527477,31527477_page7_566,MTORC1,activate_relation,STAT3
31527477,31527477_page7_566,MTORC1,inhibit_relation,ATG13
31544066,31544066_page3_151,KRAS,activate_relation,NRF2
31544066,31544066_page3_151,CAR,activate_relation,KRAS
31544066,31544066_page3_151,EIF2A,activate_relation,ATF4
31544066,31544066_page3_151,AMPK,activate_relation,TFE3
31544066,31544066_page3_151,AA,inhibit_relation,GLUD1
31544066,31544066_page3_151,AA,activate_relation,GLUD1
31544066,31544066_page3_151,GCN2,activate_relation,ASP
31544066,31544066_page3_151,ASP,activate_relation,ASP
31554160,31554160_page3_227,JAK2,activate_relation,STAT3
31554160,31554160_page3_227,STAT3,inhibit_relation,STATI2
31554160,31554160_page8_364,STAT3,inhibit_relation,STATI2
31554160,31554160_page8_364,JAK2,activate_relation,STAT3
31554160,31554160_page8_364,STAT3,activate_relation,STAT3
31557787,31557787_page7_323,TIM3,activate_relation,CD8
31557787,31557787_page7_323,TH1,activate_relation,TCF7
31557787,31557787_page7_323,TCF7,activate_relation,CD8
31590386,31590386_page8_366,PI3K,activate_relation,TIGIT
31640185,31640185_page2_215,BBX,activate_relation,SAP
31681582,31681582_page2_115,SMAD4,activate_relation,SMAD2
31681582,31681582_page3_135,ERK,activate_relation,SNAIL
31681582,31681582_page4_156,STAT3,activate_relation,STAT3
31681582,31681582_page4_156,JAK1,activate_relation,STAT3
31681582,31681582_page4_156,JAK1,activate_relation,OSM
31681582,31681582_page4_156,GLI1,activate_relation,GLI1
31681582,31681582_page6_203,MIR200C,inhibit_relation,LIN28B
31681582,31681582_page6_203,MIR200C,inhibit_relation,ZEB1
31681582,31681582_page6_203,MIR155,inhibit_relation,SMAD2
31717887,31717887_page11_336,p2,activate_relation,P1
31717887,31717887_page11_337,P3,activate_relation,p4
31717887,31717887_page11_337,p4,activate_relation,P3
31717887,31717887_page11_337,p4,activate_relation,P5
31754330,31754330_page4_14,PI3K,activate_relation,EGFR
31754330,31754330_page4_14,CMTM7,activate_relation,RAB5
31754330,31754330_page4_14,EGFR,activate_relation,PI3K
31754330,31754330_page4_14,RAB5,activate_relation,CMTM7
31754330,31754330_page4_14,EGFR,activate_relation,PI3K
31754330,31754330_page4_14,EGF,activate_relation,EGFR
31754330,31754330_page4_14,PI3K,inhibit_relation,EGFR
31819518,31819518_page1_74,PTEN,inhibit_relation,PI3K
31819518,31819518_page1_74,EGFR,activate_relation,PI3K
31819518,31819518_page1_74,PI3K,activate_relation,AKT
31819518,31819518_page1_74,ROS1,activate_relation,PI3K
31859460,31859460_page4_58,DGCR8,activate_relation,DROSHA
31859460,31859460_page6_78,VEGF,inhibit_relation,VEGFR
31859460,31859460_page6_78,MIR1323,inhibit_relation,ZEB
31859460,31859460_page6_78,MTOR,activate_relation,HIF1A
31859460,31859460_page6_78,MIR215,inhibit_relation,PTEN
31859460,31859460_page6_78,SMAD3,activate_relation,SMAD4
31859460,31859460_page6_78,PI3K,activate_relation,AKT
31859460,31859460_page6_78,TGFBR2,activate_relation,RAC
31859460,31859460_page6_78,TGFB,activate_relation,TGFBR2
31859460,31859460_page6_78,PI3K,activate_relation,CDC42
31859460,31859460_page6_78,TGFBR2,activate_relation,CDC42
31859460,31859460_page7_88,MIR1,inhibit_relation,CDK2
31871778,31871778_page1_75,MIR23A,inhibit_relation,PTEN
31871778,31871778_page1_75,PI3K,inhibit_relation,AKT
31871778,31871778_page1_75,PI3K,activate_relation,AKT
31871778,31871778_page1_75,AKT,activate_relation,MTOR
31871778,31871778_page1_75,PTEN,inhibit_relation,AKT
31920650,31920650_page1_28,MIR18A,inhibit_relation,MIR19A
31920650,31920650_page1_28,MIR1303,inhibit_relation,SOX4
31920650,31920650_page1_28,MIR18A,inhibit_relation,PTEN
31920650,31920650_page3_84,FSCN1,activate_relation,bcl-xL
31920650,31920650_page3_84,AKT,activate_relation,MTOR
31920650,31920650_page3_84,MIR145,inhibit_relation,FSCN1
31920650,31920650_page3_84,MIR145,inhibit_relation,LINC-ROR
31920650,31920650_page3_84,bcl-xL,inhibit_relation,FSCN1
31920650,31920650_page3_84,E2F1,activate_relation,p53
31920650,31920650_page3_84,bcl-xL,activate_relation,FSCN1
31920650,31920650_page3_84,MIR145,inhibit_relation,LINC-ROR
31921642,31921642_page3_196,CD206,inhibit_relation,TH1
31921642,31921642_page3_196,IL6,activate_relation,IL17R
31921642,31921642_page3_196,CD206,inhibit_relation,TH1
31988639,31988639_page10_712,MTORC1,activate_relation,S6K
31988639,31988639_page10_712,MTOR,activate_relation,MTORC1
31988639,31988639_page10_712,MORC2,activate_relation,AKT
31988639,31988639_page10_712,MTOR,activate_relation,GBL
31988639,31988639_page10_712,S6K,activate_relation,4E-BP1
31988639,31988639_page10_712,4E-BP1,activate_relation,S6K
31988639,31988639_page10_712,TSC2,inhibit_relation,RHEB
31988639,31988639_page10_712,TRAF6,activate_relation,RPTOR
31988639,31988639_page10_712,TSC2,activate_relation,RHEB
31988639,31988639_page10_712,ERK,activate_relation,TSC2
31988639,31988639_page10_712,TSC2,activate_relation,RHEB
31988639,31988639_page10_712,MTOR,inhibit_relation,GBL
31988639,31988639_page10_712,RPTOR,inhibit_relation,GBL
31988639,31988639_page5_537,ERK,activate_relation,ERK
31988639,31988639_page5_537,MEK,activate_relation,ERK
31988639,31988639_page9_694,PTPL1,activate_relation,P85B
31988639,31988639_page9_694,PTEN,activate_relation,AKT
31989585,31989585_page33_1636,SHP2,inhibit_relation,ZAP70
31989585,31989585_page33_1636,ZAP70,inhibit_relation,PI3K
31989585,31989585_page33_1636,SHP2,activate_relation,AKT
32062493,32062493_page14_36,PI3K,inhibit_relation,IRS1
32062493,32062493_page14_36,MEK1,inhibit_relation,RHEB
32133288,32133288_page5_234,PD1,activate_relation,CD8
32194994,32194994_page3_175,TRAIL,activate_relation,TRAILR2
32194994,32194994_page5_236,RAC1,inhibit_relation,RAC1
32194994,32194994_page5_236,aC1,activate_relation,RAC1
32194994,32194994_page5_236,RAC1,activate_relation,RAC1
32290309,32290309_page1_71,AKT,activate_relation,MEKK12
32290309,32290309_page1_71,AKT,activate_relation,MTOR
32290309,32290309_page1_71,PI3K,activate_relation,AKT
32292420,32292420_page7_613,TP53,activate_relation,RB1
32397535,32397535_page6_131,ADP,activate_relation,GAPDH
32425930,32425930_page3_273,CCR8,inhibit_relation,CXCR2
32425930,32425930_page3_273,CXCR2,inhibit_relation,CCR10
32425930,32425930_page3_273,CXCR2,inhibit_relation,CCR8
32466572,32466572_page11_214,SRC,inhibit_relation,FAK
32466572,32466572_page11_214,SRC,activate_relation,FAK
32466572,32466572_page11_214,SRC,inhibit_relation,YAP
32466572,32466572_page11_214,YAP,activate_relation,YAP
32466572,32466572_page11_214,SRC,inhibit_relation,YAP
32466572,32466572_page11_214,YAP,activate_relation,SRC
32466572,32466572_page13_243,SRC,inhibit_relation,FAK
32466572,32466572_page13_243,SRC,activate_relation,FAK
32466572,32466572_page13_243,YAP,activate_relation,YAP
32466572,32466572_page13_243,FAK,activate_relation,YAP
32466572,32466572_page4_127,SRC,activate_relation,PI3K
32466572,32466572_page4_127,FAK,activate_relation,SRC
32466572,32466572_page8_181,LATS1,inhibit_relation,YAP
32466572,32466572_page8_181,p53,activate_relation,RASSF1
32466572,32466572_page8_181,PTCH1,inhibit_relation,SMO
32466572,32466572_page8_181,YAP,activate_relation,YAP
32466572,32466572_page8_181,YAP,activate_relation,YAP
32498260,32498260_page4_278,KEAP1,activate_relation,NE
32498260,32498260_page4_278,KEAP1,activate_relation,NE
32498260,32498260_page4_278,NE,activate_relation,KEAP1
32498260,32498260_page4_279,PAX6,activate_relation,NRF2
32498260,32498260_page4_279,NRF2,activate_relation,PAX6
32498260,32498260_page4_279,PAX6,activate_relation,NRF2
32509576,32509576_page2_121,CHK1,inhibit_relation,WEE1
32509576,32509576_page2_121,AURKB,inhibit_relation,WEE1
32509576,32509576_page2_121,PARP,inhibit_relation,CHK1
32509576,32509576_page2_121,SLFN11,inhibit_relation,CHK1
32509576,32509576_page2_121,DLL3,inhibit_relation,PDL1
32516941,32516941_page12_150,PD1,activate_relation,PDL1
32516941,32516941_page12_150,EGFR,inhibit_relation,GSK3B
32516941,32516941_page12_150,EGFR,activate_relation,B3GNT3
32516941,32516941_page13_182,LSH,inhibit_relation,p53
32516941,32516941_page13_182,GPX4,inhibit_relation,ROS
32516941,32516941_page13_182,p53,inhibit_relation,SLC7A11
32516941,32516941_page13_182,PRODH,activate_relation,P5C
32516941,32516941_page13_182,PRODH,activate_relation,P5C
32516941,32516941_page13_182,IKKA,activate_relation,IKB
32516941,32516941_page13_182,xCT,activate_relation,p53
32516941,32516941_page13_182,G3BP1,activate_relation,G3BP1
32516941,32516941_page16_222,IRF3,activate_relation,TBK1
32516941,32516941_page16_222,MDA5,activate_relation,RIG1
32516941,32516941_page16_222,NFKB,inhibit_relation,LC3
32516941,32516941_page16_222,ENPP1,inhibit_relation,SLC19A1
32516941,32516941_page16_222,RIG1,activate_relation,MDA5
32516941,32516941_page16_222,NLRP3,activate_relation,NLRP3
32516941,32516941_page16_222,ADRB2,activate_relation,ID1
32516941,32516941_page16_222,ADRB2,activate_relation,ID1
32516941,32516941_page21_261,ROS,activate_relation,KRAS
32516941,32516941_page21_261,PALB2,inhibit_relation,NRF2
32542927,32542927_page5_44,MDM2,activate_relation,p53
32542927,32542927_page5_44,AKT,activate_relation,AMPKa1
32542927,32542927_page5_44,AKT,activate_relation,AKT
32542927,32542927_page5_44,AKT,activate_relation,AKT
32549388,32549388_page11_153,MIR186,inhibit_relation,TWIST
32549388,32549388_page11_153,SNAIL,inhibit_relation,MIR34A
32549388,32549388_page11_153,MIR186,inhibit_relation,TWIST
32549388,32549388_page2_94,MEK,activate_relation,ERK
32549388,32549388_page2_94,AKT,activate_relation,MTOR
32549388,32549388_page2_94,Met,activate_relation,PI3K
32549388,32549388_page2_94,MTOR,activate_relation,AKT
32549388,32549388_page2_94,PI3K,activate_relation,AKT
32560574,32560574_page2_100,IKB,inhibit_relation,NFKB
32560574,32560574_page2_100,RAL,activate_relation,PLD1
32560574,32560574_page2_100,RAL,activate_relation,TBK1
32560574,32560574_page2_100,AKT,activate_relation,MTOR
32560574,32560574_page2_100,BAD,inhibit_relation,bcl-xL
32560574,32560574_page2_100,AKT,activate_relation,BAD
32560574,32560574_page2_100,PI3K,activate_relation,AKT
32560574,32560574_page2_100,RHOA,activate_relation,FAK
32560574,32560574_page2_100,RALGDS,activate_relation,RAL
32570729,32570729_page7_468,F10,activate_relation,F10
32575899,32575899_page1_3916,PDL1,inhibit_relation,CTLA4
32581590,32581590_page7_97,LINC00467,inhibit_relation,DKK1
32581590,32581590_page7_97,CCAT1,activate_relation,SOX2
32581590,32581590_page7_97,FLVCR1-AS1,activate_relation,SOX4
32659994,32659994_page2_141,NOXA1,inhibit_relation,CXCL12
32659994,32659994_page2_141,CD4,activate_relation,CTLA4
32659994,32659994_page2_141,CD4,activate_relation,CTLA4
32666476,32666476_page5_83,AKT,activate_relation,MTOR
32679702,32679702_page14_628,PDL1,inhibit_relation,PD1
32679702,32679702_page14_628,PD1,inhibit_relation,PDL1
32784481,32784481_page12_189,MAM,inhibit_relation,CSL
32801888,32801888_page3_1417,PKC,activate_relation,NFKB
32801888,32801888_page3_1417,NFKB,activate_relation,NFKB
32820012,32820012_page3_112,MTOR,activate_relation,NFKB
32849585,32849585_page3_136,ROS,inhibit_relation,ARG1
32917214,32917214_page1_32,CD73,activate_relation,VEGF
32917214,32917214_page1_32,VEGF,activate_relation,CD73
32917214,32917214_page1_32,PDL1,inhibit_relation,LAG3
32917214,32917214_page1_32,CD73,activate_relation,VEGF
32963937,32963937_page48_302,CBP,activate_relation,p21
32963937,32963937_page48_302,AKT,inhibit_relation,p21
32963937,32963937_page48_302,AKT,inhibit_relation,p53
33007968,33007968_page3_107,PD1,inhibit_relation,PDL1
33014852,33014852_page3_284,P73,inhibit_relation,G6PD
33024658,33024658_page1_35,p38,activate_relation,AXL
33024658,33024658_page1_35,AKT,activate_relation,MTOR
33024658,33024658_page1_35,AKT,activate_relation,BAD
33024658,33024658_page1_35,p38,activate_relation,PI3K
33024658,33024658_page1_35,VEGF,activate_relation,VEGFR
33024658,33024658_page1_35,MEK,activate_relation,ERK
33024658,33024658_page1_35,NFKB,activate_relation,VEGFR
33024658,33024658_page1_35,p38,activate_relation,SRC
33061844,33061844_page5_155,NF1,inhibit_relation,HSF1
33061844,33061844_page5_155,NF1,inhibit_relation,VEGF
33061844,33061844_page5_155,GAP,inhibit_relation,MCL
33061844,33061844_page5_155,GAP,inhibit_relation,MCL
33061844,33061844_page5_155,EMT,activate_relation,VEGF
33061844,33061844_page5_155,EMT,activate_relation,VEGF
33114576,33114576_page2_246,AMPK,inhibit_relation,MTOR
33114576,33114576_page2_246,TUSC2,inhibit_relation,PI3K
33114576,33114576_page2_246,EGF,inhibit_relation,TKIS
33114576,33114576_page2_246,EGF,activate_relation,EGFR
33114576,33114576_page2_246,GSK3B,inhibit_relation,AMPK
33114576,33114576_page2_246,PTEN,inhibit_relation,PI3K
33114576,33114576_page2_246,MEK,activate_relation,ERK
33114576,33114576_page2_246,STAT3,activate_relation,STAT1
33114576,33114576_page2_247,HDAC,activate_relation,HDAC
33114576,33114576_page2_247,HDAC,inhibit_relation,HDAC
33121202,33121202_page2_114,FGF2,inhibit_relation,MIR155
33121202,33121202_page2_114,FGF2,activate_relation,MIR155
33121202,33121202_page2_115,MIR15A,inhibit_relation,VEGF
33121202,33121202_page4_150,JAK2,activate_relation,MIR204
33121202,33121202_page4_150,MIR204,activate_relation,FRS2
33121202,33121202_page4_150,HIF1A,activate_relation,VEGFA
33121202,33121202_page4_150,PIGF,activate_relation,HIF1A
33121202,33121202_page4_150,STAT3,activate_relation,HIF1A
33121202,33121202_page4_150,JAK2,activate_relation,VEGFA
33121202,33121202_page4_150,PDGFB,activate_relation,HIF1A
33121202,33121202_page4_150,UPA,activate_relation,FGF2
33121202,33121202_page4_150,FRS2,activate_relation,JAK2
33121202,33121202_page4_150,VEGFA,activate_relation,MIR106A
33121202,33121202_page4_150,JAK2,activate_relation,STAT3
33121202,33121202_page4_150,JAK2,activate_relation,STAT3
33121202,33121202_page4_150,JAK2,activate_relation,VEGFA
33121202,33121202_page4_150,FGF2,activate_relation,FRS2
33121202,33121202_page4_150,MIR200B,activate_relation,JAK2
33130228,33130228_page29_123,CIT,activate_relation,CIT
33130228,33130228_page29_123,ASP,activate_relation,ASP
33130228,33130228_page2_6,CIT,activate_relation,CIT
33130228,33130228_page2_6,ASP,activate_relation,ASP
33172113,33172113_page6_117,MTOR,activate_relation,AKT
33172113,33172113_page6_117,STAT,activate_relation,ERK
33172113,33172113_page6_117,ERK,activate_relation,MEK
33187135,33187135_page3_191,PKC,activate_relation,MEK
33233641,33233641_page2_225,AGO,activate_relation,GW182
33233641,33233641_page2_225,Dicer,activate_relation,Trbp
33233641,33233641_page2_225,Dicer,activate_relation,Trbp
33262947,33262947_page5_121,CD15,activate_relation,CD62E
33262947,33262947_page5_121,ERG,inhibit_relation,CLDN5
33324155,33324155_page5_579,AKT,activate_relation,MTOR
33324155,33324155_page5_579,PI3K,activate_relation,AKT
33373873,33373873_page4_77,RIP,activate_relation,MIR21
33375194,33375194_page7_121,ART,inhibit_relation,SCL
33375194,33375194_page7_121,ART,inhibit_relation,PD1
33419029,33419029_page7_111,AKT,activate_relation,MTOR
33419029,33419029_page7_111,MTOR,activate_relation,AKT
33435440,33435440_page2_101,PI3K,activate_relation,AKT
33435440,33435440_page2_101,AKT,activate_relation,MTOR
33435440,33435440_page2_101,KRAS,activate_relation,BRAF
33435440,33435440_page2_101,BRAF,activate_relation,MEK
33435440,33435440_page2_101,MEK,activate_relation,BRAF
33435440,33435440_page2_101,KRAS,activate_relation,BRAF
33435440,33435440_page2_101,PI3K,activate_relation,KRAS
33435440,33435440_page2_101,KRAS,inhibit_relation,PI3K
33445709,33445709_page2_128,VHL,activate_relation,VHL
33445709,33445709_page2_128,HIF1A,activate_relation,VHL
33445709,33445709_page3_142,CREB1,inhibit_relation,KDR
33445709,33445709_page3_142,VEGFA,activate_relation,KDR
33451052,33451052_page8_168,MIR155,activate_relation,MIR130A
33451052,33451052_page8_168,MIR130A,activate_relation,M1
33466360,33466360_page7_111,KRAS,activate_relation,KRAS
33466360,33466360_page7_111,KRAS,activate_relation,SHP2
33466360,33466360_page7_112,ERK,activate_relation,CCNB1
33466360,33466360_page7_112,MEK,activate_relation,ERK
33469537,33469537_page6_493,SQLE,activate_relation,PFKFB3
33469537,33469537_page6_493,PFKFB3,activate_relation,SQLE
33469537,33469537_page6_493,SQLE,activate_relation,PFKFB3
33469537,33469537_page6_493,SQLE,activate_relation,PFKFB3
33521700,33521700_page2_68,GAP,activate_relation,PI
33521700,33521700_page2_68,ON,activate_relation,PI
33521700,33521700_page2_68,GAP,activate_relation,PI
33521700,33521700_page2_68,GAP,activate_relation,PI
33521700,33521700_page2_68,GAP,activate_relation,PI
33553195,33553195_page2_114,VEGF,activate_relation,HIF1A
33553195,33553195_page2_114,AKT,activate_relation,HIF1A
33553195,33553195_page2_114,GDNF,activate_relation,GFRA1
33562150,33562150_page11_219,PDL1,activate_relation,CELL
33562150,33562150_page11_219,PTDSR,inhibit_relation,MERTK
33562150,33562150_page11_219,PTDSR,activate_relation,MERTK
33562150,33562150_page13_252,HGF,activate_relation,TGFB
33562150,33562150_page13_252,TGFB,activate_relation,HGF
33562150,33562150_page1_85,NFKB,activate_relation,HER2
33562150,33562150_page1_85,PI3K,activate_relation,AKT
33562150,33562150_page1_85,AKT,activate_relation,MTOR
33562150,33562150_page1_85,PI3K,activate_relation,AKT
33562150,33562150_page1_85,SRC,activate_relation,Met
33562150,33562150_page1_85,NFKB,activate_relation,STAT6
33562150,33562150_page2_105,PI3K,activate_relation,EGFR
33562150,33562150_page2_105,PI3K,activate_relation,AKT
33562150,33562150_page2_105,AKT,activate_relation,MTOR
33562150,33562150_page2_105,MEK,activate_relation,ERK
33562150,33562150_page4_139,SRC,activate_relation,TWIST
33562150,33562150_page4_139,AXL,activate_relation,SRC
33562150,33562150_page4_139,MERTK,activate_relation,VAV1
33562150,33562150_page4_139,AKT,activate_relation,MTOR
33562150,33562150_page4_139,NFKB,activate_relation,MMP9
33562150,33562150_page4_139,SNAIL,activate_relation,SNAIL
33562150,33562150_page4_139,NFKB,activate_relation,NFKB
33562150,33562150_page4_139,PI3K,activate_relation,AKT
33562150,33562150_page4_139,ERK,activate_relation,NFKB
33562150,33562150_page4_139,ERK,activate_relation,IKB
33562150,33562150_page4_139,cadherin,activate_relation,EMT
33562150,33562150_page7_171,MERTK,activate_relation,MCSF
33562150,33562150_page7_171,GAS6,activate_relation,IL4
33562150,33562150_page9_195,MST1P2,activate_relation,LATS1
33562150,33562150_page9_195,MERTK,activate_relation,AXL
33562150,33562150_page9_195,AXL,activate_relation,MERTK
33562150,33562150_page9_195,MST1P2,activate_relation,EGF
33562150,33562150_page9_195,PI3K,activate_relation,AKT
33562150,33562150_page9_195,PI3K,activate_relation,PDK1
33572278,33572278_page2_106,PIK3R2,activate_relation,GANAB
33572278,33572278_page2_106,PIK3R2,activate_relation,GANAB
33572278,33572278_page2_106,GRB2,activate_relation,SERPINB12
33572278,33572278_page2_106,GRB2,activate_relation,SERPINB12
33572278,33572278_page2_106,PIK3R2,activate_relation,GANAB
33572278,33572278_page2_106,GRB2,activate_relation,SERPINB12
33572782,33572782_page2_107,AMPK,inhibit_relation,MTOR
33572782,33572782_page4_130,DNMT1,inhibit_relation,STING
33572782,33572782_page4_130,STING,activate_relation,DNMT1
33586359,33586359_page1_21,RHOA,activate_relation,JNK
33586359,33586359_page1_21,DKK4,activate_relation,DKK4
33586359,33586359_page1_21,RHOA,activate_relation,JNK
33643817,33643817_page41_261,PKC,activate_relation,DAG
33643817,33643817_page41_261,ERK,activate_relation,MORC2
33643817,33643817_page41_261,MTORC1,activate_relation,MORC2
33643817,33643817_page41_261,AKT,activate_relation,MORC2
33643817,33643817_page41_261,CA2,activate_relation,CA2
33643817,33643817_page41_261,PI3K,activate_relation,GAB1
